{
    "caLow": 0.006882320651245118, 
    "windowSize": 512, 
    "maxGapTime": 25, 
    "majorStdMax": 10000, 
    "gaborMaskHigh": 27.52928260498047, 
    "minSig": 0.13764641302490235, 
    "wholeSample": true, 
    "gaborSize": 20, 
    "syllableGap": 10, 
    "ngabor": 8, 
    "caHigh": 0.06882320651245118, 
    "overlap": 0.75, 
    "wings": 3, 
    "gaborMaskLow": 13.764641302490235
}