{
    "caLow": 0.016838576811218264, 
    "windowSize": 512, 
    "maxGapTime": 25, 
    "majorStdMax": 10000, 
    "gaborMaskHigh": 67.35430724487304, 
    "minSig": 0.33677153622436523, 
    "wholeSample": true, 
    "gaborSize": 20, 
    "syllableGap": 10, 
    "ngabor": 8, 
    "caHigh": 0.16838576811218262, 
    "overlap": 0.75, 
    "wings": 3, 
    "gaborMaskLow": 33.67715362243652
}