{
    "caLow": 0.01178571863007211, 
    "windowSize": 512, 
    "maxGapTime": 25, 
    "majorStdMax": 10000, 
    "gaborMaskHigh": 47.14287452028844, 
    "minSig": 0.23571437260144218, 
    "wholeSample": true, 
    "gaborSize": 20, 
    "syllableGap": 10, 
    "ngabor": 8, 
    "caHigh": 0.11785718630072109, 
    "overlap": 0.75, 
    "wings": 3, 
    "gaborMaskLow": 23.57143726014422
}