{
    "caLow": 0.038865539907855906, 
    "windowSize": 512, 
    "maxGapTime": 25, 
    "majorStdMax": 10000, 
    "gaborMaskHigh": 155.4621596314236, 
    "minSig": 0.777310798157118, 
    "wholeSample": true, 
    "gaborSize": 20, 
    "syllableGap": 10, 
    "ngabor": 8, 
    "caHigh": 0.388655399078559, 
    "overlap": 0.75, 
    "wings": 3, 
    "gaborMaskLow": 77.7310798157118
}