{
    "caLow": 1.1197044372558593, 
    "windowSize": 512, 
    "maxGapTime": 25, 
    "majorStdMax": 10000, 
    "gaborMaskHigh": 4478.8177490234375, 
    "minSig": 22.394088745117188, 
    "wholeSample": true, 
    "gaborSize": 20, 
    "syllableGap": 10, 
    "ngabor": 8, 
    "caHigh": 11.197044372558594, 
    "overlap": 0.75, 
    "wings": 3, 
    "gaborMaskLow": 2239.4088745117188
}