{
    "caLow": 0.001951670399390969, 
    "windowSize": 512, 
    "maxGapTime": 25, 
    "majorStdMax": 10000, 
    "gaborMaskHigh": 7.806681597563876, 
    "minSig": 0.03903340798781938, 
    "wholeSample": true, 
    "gaborSize": 20, 
    "syllableGap": 10, 
    "ngabor": 8, 
    "caHigh": 0.01951670399390969, 
    "overlap": 0.75, 
    "wings": 3, 
    "gaborMaskLow": 3.903340798781938
}