{
    "caLow": 0.054388650413986675, 
    "windowSize": 512, 
    "maxGapTime": 25, 
    "majorStdMax": 10000, 
    "gaborMaskHigh": 217.5546016559467, 
    "minSig": 1.0877730082797334, 
    "wholeSample": true, 
    "gaborSize": 20, 
    "syllableGap": 10, 
    "ngabor": 8, 
    "caHigh": 0.5438865041398667, 
    "overlap": 0.75, 
    "wings": 3, 
    "gaborMaskLow": 108.77730082797335
}